{
  "coins":2800,
  "wins":0,
  "kills":0,
  "name":"Mimo",
  "colorSelected":[
    "red",
    4
  ],
  "colors":{
    "red":[
      {
        "price":0,
        "unlocked":true,
        "rgb":[
          250,
          219,
          216
        ]
      },
      {
        "price":300,
        "unlocked":false,
        "rgb":[
          245,
          183,
          177
        ]
      },
      {
        "price":300,
        "unlocked":false,
        "rgb":[
          245,
          183,
          177
        ]
      },
      {
        "price":300,
        "unlocked":false,
        "rgb":[
          241,
          148,
          138
        ]
      },
      {
        "price":300,
        "unlocked":true,
        "rgb":[
          236,
          112,
          99
        ]
      },
      {
        "price":300,
        "unlocked":false,
        "rgb":[
          231,
          76,
          60
        ]
      },
      {
        "price":300,
        "unlocked":false,
        "rgb":[
          203,
          67,
          53
        ]
      },
      {
        "price":300,
        "unlocked":false,
        "rgb":[
          176,
          58,
          46
        ]
      },
      {
        "price":300,
        "unlocked":false,
        "rgb":[
          148,
          49,
          38
        ]
      }
    ],
    "purple":[
      {
        "price":500,
        "unlocked":false,
        "rgb":[
          232,
          218,
          239
        ]
      },
      {
        "price":500,
        "unlocked":false,
        "rgb":[
          210,
          180,
          222
        ]
      },
      {
        "price":500,
        "unlocked":false,
        "rgb":[
          187,
          143,
          206
        ]
      },
      {
        "price":500,
        "unlocked":false,
        "rgb":[
          165,
          105,
          189
        ]
      },
      {
        "price":500,
        "unlocked":true,
        "rgb":[
          142,
          68,
          173
        ]
      },
      {
        "price":500,
        "unlocked":false,
        "rgb":[
          125,
          60,
          152
        ]
      },
      {
        "price":500,
        "unlocked":false,
        "rgb":[
          108,
          52,
          131
        ]
      },
      {
        "price":500,
        "unlocked":false,
        "rgb":[
          74,
          35,
          90
        ]
      },
      {
        "price":500,
        "unlocked":false,
        "rgb":[
          91,
          44,
          111
        ]
      }
    ],
    "blue":[
      {
        "price":900,
        "unlocked":false,
        "rgb":[
          214,
          234,
          248
        ]
      },
      {
        "price":900,
        "unlocked":false,
        "rgb":[
          174,
          214,
          241
        ]
      },
      {
        "price":900,
        "unlocked":false,
        "rgb":[
          133,
          193,
          233
        ]
      },
      {
        "price":900,
        "unlocked":false,
        "rgb":[
          93,
          173,
          226
        ]
      },
      {
        "price":900,
        "unlocked":true,
        "rgb":[
          52,
          152,
          219
        ]
      },
      {
        "price":900,
        "unlocked":false,
        "rgb":[
          46,
          134,
          193
        ]
      },
      {
        "price":900,
        "unlocked":false,
        "rgb":[
          40,
          116,
          166
        ]
      },
      {
        "price":900,
        "unlocked":false,
        "rgb":[
          33,
          97,
          140
        ]
      },
      {
        "price":900,
        "unlocked":false,
        "rgb":[
          27,
          79,
          114
        ]
      }
    ],
    "green":[
      {
        "price":1400,
        "unlocked":false,
        "rgb":[
          209,
          242,
          235
        ]
      },
      {
        "price":1400,
        "unlocked":false,
        "rgb":[
          163,
          228,
          215
        ]
      },
      {
        "price":1400,
        "unlocked":false,
        "rgb":[
          118,
          215,
          196
        ]
      },
      {
        "price":1400,
        "unlocked":false,
        "rgb":[
          72,
          201,
          176
        ]
      },
      {
        "price":1400,
        "unlocked":true,
        "rgb":[
          26,
          188,
          156
        ]
      },
      {
        "price":1400,
        "unlocked":false,
        "rgb":[
          23,
          165,
          137
        ]
      },
      {
        "price":1400,
        "unlocked":false,
        "rgb":[
          20,
          143,
          119
        ]
      },
      {
        "price":1400,
        "unlocked":false,
        "rgb":[
          17,
          120,
          100
        ]
      },
      {
        "price":1400,
        "unlocked":false,
        "rgb":[
          14,
          98,
          81
        ]
      }
    ],
    "yellow":[
      {
        "price":1600,
        "unlocked":false,
        "rgb":[
          252,
          243,
          207
        ]
      },
      {
        "price":1600,
        "unlocked":false,
        "rgb":[
          249,
          231,
          159
        ]
      },
      {
        "price":1600,
        "unlocked":false,
        "rgb":[
          247,
          220,
          111
        ]
      },
      {
        "price":1600,
        "unlocked":false,
        "rgb":[
          244,
          208,
          63
        ]
      },
      {
        "price":1600,
        "unlocked":true,
        "rgb":[
          241,
          196,
          15
        ]
      },
      {
        "price":1600,
        "unlocked":false,
        "rgb":[
          212,
          172,
          13
        ]
      },
      {
        "price":1600,
        "unlocked":false,
        "rgb":[
          183,
          149,
          11
        ]
      },
      {
        "price":1600,
        "unlocked":false,
        "rgb":[
          154,
          125,
          10
        ]
      },
      {
        "price":1600,
        "unlocked":false,
        "rgb":[
          125,
          102,
          8
        ]
      }
    ],
    "orange":[
      {
        "price":1800,
        "unlocked":false,
        "rgb":[
          250,
          229,
          211
        ]
      },
      {
        "price":1800,
        "unlocked":false,
        "rgb":[
          250,
          229,
          211
        ]
      },
      {
        "price":1800,
        "unlocked":false,
        "rgb":[
          240,
          178,
          122
        ]
      },
      {
        "price":1800,
        "unlocked":false,
        "rgb":[
          235,
          152,
          78
        ]
      },
      {
        "price":1800,
        "unlocked":false,
        "rgb":[
          230,
          126,
          34
        ]
      },
      {
        "price":1800,
        "unlocked":false,
        "rgb":[
          202,
          111,
          30
        ]
      },
      {
        "price":1800,
        "unlocked":false,
        "rgb":[
          175,
          96,
          26
        ]
      },
      {
        "price":1800,
        "unlocked":false,
        "rgb":[
          147,
          81,
          22
        ]
      },
      {
        "price":1800,
        "unlocked":false,
        "rgb":[
          120,
          66,
          18
        ]
      }
    ],
    "white":[
      {
        "price":2100,
        "unlocked":false,
        "rgb":[
          251,
          252,
          252
        ]
      },
      {
        "price":2100,
        "unlocked":false,
        "rgb":[
          247,
          249,
          249
        ]
      },
      {
        "price":2100,
        "unlocked":false,
        "rgb":[
          244,
          246,
          247
        ]
      },
      {
        "price":2100,
        "unlocked":false,
        "rgb":[
          240,
          243,
          244
        ]
      },
      {
        "price":2100,
        "unlocked":false,
        "rgb":[
          236,
          240,
          241
        ]
      },
      {
        "price":2100,
        "unlocked":false,
        "rgb":[
          208,
          211,
          212
        ]
      },
      {
        "price":2100,
        "unlocked":false,
        "rgb":[
          151,
          154,
          154
        ]
      },
      {
        "price":2100,
        "unlocked":false,
        "rgb":[
          151,
          154,
          154
        ]
      },
      {
        "price":2100,
        "unlocked":false,
        "rgb":[
          123,
          125,
          125
        ]
      }
    ],
    "grey":[
      {
        "price":2100,
        "unlocked":false,
        "rgb":[
          234,
          237,
          237
        ]
      },
      {
        "price":2100,
        "unlocked":false,
        "rgb":[
          213,
          219,
          219
        ]
      },
      {
        "price":2100,
        "unlocked":false,
        "rgb":[
          191,
          201,
          202
        ]
      },
      {
        "price":2100,
        "unlocked":false,
        "rgb":[
          170,
          183,
          184
        ]
      },
      {
        "price":2100,
        "unlocked":false,
        "rgb":[
          149,
          165,
          166
        ]
      },
      {
        "price":2100,
        "unlocked":false,
        "rgb":[
          131,
          145,
          146
        ]
      },
      {
        "price":2100,
        "unlocked":false,
        "rgb":[
          113,
          125,
          126
        ]
      },
      {
        "price":2100,
        "unlocked":false,
        "rgb":[
          95,
          106,
          106
        ]
      },
      {
        "price":2100,
        "unlocked":false,
        "rgb":[
          77,
          86,
          86
        ]
      }
    ],
    "navy":[
      {
        "price":2500,
        "unlocked":false,
        "rgb":[
          214,
          219,
          223
        ]
      },
      {
        "price":2500,
        "unlocked":false,
        "rgb":[
          174,
          182,
          191
        ]
      },
      {
        "price":2500,
        "unlocked":false,
        "rgb":[
          133,
          146,
          158
        ]
      },
      {
        "price":2500,
        "unlocked":false,
        "rgb":[
          93,
          109,
          126
        ]
      },
      {
        "price":2500,
        "unlocked":false,
        "rgb":[
          52,
          73,
          94
        ]
      },
      {
        "price":2500,
        "unlocked":false,
        "rgb":[
          46,
          64,
          83
        ]
      },
      {
        "price":2500,
        "unlocked":false,
        "rgb":[
          40,
          55,
          71
        ]
      },
      {
        "price":2500,
        "unlocked":false,
        "rgb":[
          33,
          47,
          60
        ]
      },
      {
        "price":2500,
        "unlocked":true,
        "rgb":[
          27,
          38,
          49
        ]
      }
    ]
  }
}